product_id,name,category,price,stock
1,Adipisci Voluptatibus,Kozmetik,1189.14,164
2,Magni Voluptatum,Elektronik,198.32,173
3,Expedita Dolores,Kozmetik,858.35,119
4,Nobis Hic,Elektronik,1058.28,55
5,At Voluptate,Spor,1107.18,73
6,Consectetur Dolore,Spor,588.78,100
7,Eligendi Itaque,Ev & Yaşam,1959.22,13
8,Natus Aspernatur,Giyim,63.94,107
9,Ex Deleniti,Kozmetik,23.34,148
10,Expedita Delectus,Elektronik,173.63,42
11,Enim Fugiat,Spor,1618.28,106
12,Modi Laudantium,Giyim,1666.24,19
13,Blanditiis Quaerat,Spor,1101.54,98
14,Nostrum Accusamus,Ev & Yaşam,1001.38,117
15,Neque Laudantium,Kozmetik,617.79,81
16,Quis Beatae,Ev & Yaşam,182.93,188
17,Ut Commodi,Giyim,417.8,13
18,Corporis Fugiat,Ev & Yaşam,1704.62,34
19,Nihil Consectetur,Spor,763.21,83
20,Et Doloremque,Kozmetik,1362.25,108
21,Accusamus Laboriosam,Ev & Yaşam,1256.29,29
22,In Accusantium,Giyim,763.04,184
23,Aliquid Sed,Kozmetik,599.56,144
24,Mollitia Sint,Giyim,1479.19,197
25,Quia At,Spor,1603.86,176
26,Non Magni,Giyim,976.68,94
27,Dolorem Dolorum,Kozmetik,1737.82,62
28,Unde Magni,Ev & Yaşam,1369.73,146
29,Dignissimos Temporibus,Kozmetik,332.93,175
30,Aut Sapiente,Elektronik,798.61,147
31,Inventore Veritatis,Elektronik,1147.96,112
32,Doloremque Ipsam,Kozmetik,163.88,141
33,Temporibus Suscipit,Giyim,801.54,58
34,Unde Inventore,Kozmetik,26.49,149
35,Maiores Iure,Spor,298.59,67
36,Debitis Doloremque,Spor,1755.45,31
37,Non Unde,Elektronik,1381.68,199
38,Ullam Voluptate,Kozmetik,1905.28,27
39,Ad Nobis,Kozmetik,829.3,166
40,Necessitatibus Maxime,Elektronik,1443.1,188
41,Animi Excepturi,Spor,701.06,62
42,Optio Eius,Spor,916.36,56
43,Pariatur Facere,Ev & Yaşam,1170.76,122
44,Laudantium Sequi,Kozmetik,319.72,18
45,Quae Soluta,Elektronik,1230.78,175
46,Magnam Pariatur,Ev & Yaşam,1165.62,167
47,Reiciendis Dolores,Kozmetik,816.79,126
48,Ad Impedit,Ev & Yaşam,191.74,133
49,Non Enim,Kozmetik,1663.03,23
50,Nulla Reprehenderit,Ev & Yaşam,1009.7,91
51,Nostrum Accusamus,Spor,453.68,155
52,Illum Eos,Giyim,1968.98,66
53,Architecto Nihil,Giyim,687.54,124
54,Porro Quisquam,Giyim,1739.33,87
55,Occaecati Libero,Giyim,937.37,179
56,Esse Nostrum,Spor,1637.84,151
57,Amet Facere,Spor,1634.0,39
58,Nihil Doloremque,Giyim,12.74,38
59,Quibusdam Soluta,Ev & Yaşam,1318.55,168
60,Repudiandae Aliquid,Ev & Yaşam,1802.26,18
61,Numquam Soluta,Giyim,704.6,25
62,Eos Quas,Spor,833.87,105
63,Dolores Vero,Giyim,31.49,13
64,Minima Ex,Kozmetik,276.29,147
65,Odio Error,Elektronik,1112.52,194
66,Doloremque Est,Ev & Yaşam,905.45,159
67,Laborum Tenetur,Giyim,844.37,170
68,Recusandae Quas,Ev & Yaşam,707.62,32
69,Cumque Cupiditate,Ev & Yaşam,1666.79,153
70,Repudiandae Dolorum,Elektronik,930.15,50
71,Laboriosam Aut,Kozmetik,249.62,109
72,Ad Corrupti,Elektronik,1521.63,106
73,Neque Laudantium,Elektronik,170.82,92
74,Voluptate Aliquid,Ev & Yaşam,925.62,161
75,Iure Quae,Elektronik,328.21,43
76,Autem Voluptatum,Elektronik,749.27,165
77,Quisquam Libero,Elektronik,1032.24,89
78,Deserunt Facilis,Kozmetik,1204.72,189
79,Sequi Earum,Kozmetik,1662.07,126
80,Velit Eos,Kozmetik,388.58,197
81,Delectus Quos,Giyim,1754.94,108
82,Veritatis Veniam,Kozmetik,257.2,127
83,Eum Eum,Elektronik,243.98,122
84,Architecto Nesciunt,Spor,704.85,181
85,Pariatur Asperiores,Spor,157.4,143
86,Tenetur Animi,Spor,501.14,86
87,Commodi Amet,Giyim,964.88,62
88,Reprehenderit Autem,Giyim,476.8,148
89,Veniam Quam,Ev & Yaşam,551.83,36
90,Dolorum Occaecati,Giyim,483.04,127
91,In Voluptates,Ev & Yaşam,494.86,47
92,Cumque In,Elektronik,1681.61,102
93,Ad Dolore,Ev & Yaşam,838.88,34
94,Repellendus Dolore,Giyim,1368.06,117
95,Veniam Quidem,Kozmetik,718.88,16
96,Ad At,Kozmetik,1846.88,59
97,Fugiat Dolore,Ev & Yaşam,537.94,153
98,Quam Iste,Ev & Yaşam,1873.37,151
99,Iure Accusamus,Kozmetik,1175.16,183
100,Et Ea,Kozmetik,972.09,184
101,Veniam Repellat,Kozmetik,845.54,108
102,Dolorum Eos,Giyim,1601.07,129
103,Accusamus Blanditiis,Elektronik,1678.81,159
104,Necessitatibus Cum,Elektronik,16.48,89
105,Quo Eos,Spor,926.96,188
106,Est Cupiditate,Giyim,324.01,174
107,Similique Atque,Kozmetik,1848.11,185
108,Quaerat Nobis,Elektronik,1341.76,187
109,Animi Provident,Giyim,1730.33,107
110,Magni Quam,Ev & Yaşam,1639.76,174
111,Nobis Saepe,Elektronik,1713.67,183
112,Asperiores Repudiandae,Spor,1518.23,112
113,Rerum Tenetur,Elektronik,11.9,127
114,Libero Placeat,Kozmetik,585.83,200
115,Et A,Spor,210.7,142
116,Voluptatum Quis,Elektronik,1379.61,154
117,Officia Ad,Spor,1719.61,79
118,Repudiandae Provident,Giyim,1919.87,165
119,Eius Facere,Ev & Yaşam,138.75,200
120,Eveniet Necessitatibus,Spor,20.14,14
121,Nesciunt Sunt,Elektronik,1005.09,200
122,Unde A,Spor,263.82,147
123,Praesentium Impedit,Ev & Yaşam,158.24,76
124,Magni Dolor,Elektronik,499.5,10
125,Enim Deserunt,Elektronik,1518.51,148
126,Placeat Veritatis,Kozmetik,79.25,15
127,Ad Magnam,Spor,78.5,122
128,Sequi Recusandae,Kozmetik,1442.2,41
129,Ipsam Cumque,Giyim,153.46,73
130,Voluptates Et,Kozmetik,1774.33,164
131,Hic Rem,Kozmetik,786.46,79
132,Cumque Harum,Elektronik,154.15,10
133,Harum Ut,Giyim,1243.83,70
134,Ratione Nisi,Elektronik,953.94,164
135,Enim Et,Spor,96.4,140
136,Tempora Nisi,Kozmetik,1519.4,29
137,Aut Voluptatum,Giyim,1250.16,26
138,Quae Dolores,Kozmetik,1165.8,101
139,Eligendi Numquam,Kozmetik,394.83,23
140,Ratione Sequi,Kozmetik,1321.26,126
141,Saepe Porro,Spor,47.54,152
142,Odio Doloremque,Ev & Yaşam,655.47,199
143,Enim Voluptas,Ev & Yaşam,631.73,179
144,Quasi Ducimus,Spor,1673.05,13
145,Quidem Iste,Elektronik,651.79,163
146,Et Assumenda,Elektronik,875.33,42
147,Officiis Modi,Ev & Yaşam,1160.49,174
148,Quaerat Et,Kozmetik,1508.96,49
149,Eos Laboriosam,Ev & Yaşam,11.68,134
150,Rerum Blanditiis,Spor,218.51,116
151,Repudiandae Commodi,Giyim,1952.91,32
152,Natus Quod,Giyim,917.23,95
153,Dicta Aspernatur,Kozmetik,1715.23,195
154,Ut Impedit,Elektronik,353.88,96
155,Assumenda Ipsum,Spor,1108.22,140
156,Illum Enim,Ev & Yaşam,1856.12,69
157,In Enim,Spor,1014.45,102
158,Saepe Molestiae,Elektronik,1302.92,170
159,Occaecati Facere,Kozmetik,867.31,44
160,Aut Officiis,Ev & Yaşam,1474.31,200
161,Numquam Doloremque,Kozmetik,591.87,58
162,Aperiam Expedita,Ev & Yaşam,1969.1,76
163,Eos Adipisci,Elektronik,1792.29,79
164,Quisquam Sed,Elektronik,1420.61,75
165,Blanditiis Nulla,Ev & Yaşam,475.17,119
166,Aut At,Kozmetik,1853.27,122
167,Quae Consequatur,Elektronik,1225.53,83
168,Repellat Itaque,Elektronik,976.37,30
169,Accusantium Sapiente,Spor,1023.08,34
170,Porro Magnam,Kozmetik,1007.18,19
171,Quae Esse,Kozmetik,1148.24,38
172,Odit Quaerat,Elektronik,28.32,34
173,Voluptate Cupiditate,Giyim,1928.42,38
174,Tempora Et,Elektronik,1701.72,88
175,Iure Error,Ev & Yaşam,1956.92,88
176,Veniam Voluptatum,Spor,1169.57,87
177,Consequatur Quibusdam,Spor,1389.43,133
178,Ipsam Placeat,Ev & Yaşam,920.12,179
179,Odio Saepe,Ev & Yaşam,1959.13,18
180,Laboriosam Sapiente,Spor,1178.15,162
181,Laboriosam Nesciunt,Kozmetik,1671.5,39
182,Mollitia Iste,Elektronik,1933.59,121
183,Odio Sit,Giyim,1825.23,135
184,Omnis Quidem,Elektronik,409.37,175
185,Voluptatem Deserunt,Kozmetik,328.16,138
186,Consectetur Accusamus,Ev & Yaşam,64.48,115
187,Sequi Est,Elektronik,1506.76,109
188,Facilis Ipsum,Giyim,123.39,88
189,Fuga Aspernatur,Kozmetik,710.18,160
190,Similique A,Kozmetik,437.61,10
191,Porro Earum,Giyim,785.53,84
192,Quos Distinctio,Kozmetik,869.23,175
193,Minima Sint,Giyim,82.54,120
194,Dicta Est,Elektronik,1119.39,15
195,Pariatur Ea,Elektronik,931.98,187
196,Rerum Occaecati,Giyim,1085.23,85
197,Maiores Nobis,Kozmetik,1769.91,34
198,Quos Laboriosam,Spor,1384.66,119
199,Iste Minima,Giyim,1410.98,140
200,Perspiciatis Officia,Ev & Yaşam,1831.25,147
201,Deleniti Minima,Elektronik,1190.79,126
202,Veritatis Minus,Ev & Yaşam,102.01,76
203,Unde Magni,Giyim,220.16,35
204,Velit Praesentium,Elektronik,159.68,175
205,Iusto Officia,Spor,1521.23,113
206,Aut Rerum,Spor,1277.13,131
207,Accusamus Ad,Spor,1934.39,137
208,Cumque Quas,Ev & Yaşam,641.82,17
209,Animi Corrupti,Kozmetik,735.5,92
210,Tempore Explicabo,Spor,634.92,111
211,Quis Numquam,Ev & Yaşam,799.11,70
212,Sit Neque,Giyim,1110.53,179
213,Tempore Cum,Elektronik,1159.75,171
214,Esse Similique,Giyim,1123.49,150
215,Autem Ex,Giyim,1336.63,43
216,Voluptas Dolorem,Elektronik,1530.23,88
217,Aperiam Inventore,Ev & Yaşam,224.58,110
218,Dignissimos Quod,Kozmetik,256.28,127
219,Repudiandae Quam,Giyim,1301.6,197
220,Quia Deserunt,Giyim,524.55,18
221,Dignissimos Soluta,Spor,1572.78,26
222,Modi Exercitationem,Giyim,1620.43,12
223,Optio Ullam,Giyim,819.74,63
224,Blanditiis Consectetur,Elektronik,1271.73,100
225,Sequi Temporibus,Kozmetik,900.23,104
226,Quod Cum,Ev & Yaşam,1413.04,42
227,Tempore Corrupti,Giyim,25.01,40
228,Vel Iste,Spor,427.8,155
229,Culpa Reprehenderit,Spor,929.87,131
230,Delectus Qui,Kozmetik,927.73,148
231,Vitae Velit,Elektronik,1571.27,131
232,Reprehenderit Fugit,Kozmetik,770.27,32
233,Veniam Labore,Giyim,1599.66,172
234,Ad Esse,Spor,1549.44,87
235,Debitis Vel,Giyim,1736.53,18
236,Ea Debitis,Ev & Yaşam,157.77,195
237,Aperiam Quidem,Kozmetik,689.79,171
238,Voluptatibus Accusamus,Kozmetik,1005.99,93
239,Cumque Sequi,Spor,1537.28,27
240,Fuga Officiis,Ev & Yaşam,1867.92,58
241,Iste Cum,Elektronik,1171.73,91
242,Deserunt Sit,Elektronik,1975.92,132
243,Quo Velit,Kozmetik,793.24,122
244,Esse In,Elektronik,488.86,153
245,Veniam Consequuntur,Spor,928.16,60
246,Ut Dolorum,Spor,1338.79,45
247,Quidem Accusamus,Giyim,778.5,168
248,Quisquam Doloribus,Ev & Yaşam,1971.41,72
249,Voluptatibus Vel,Giyim,1643.04,43
250,Voluptatem Magni,Giyim,862.17,49
251,Veniam Eveniet,Giyim,1816.61,15
252,Debitis Nulla,Spor,277.96,101
253,Maxime Ipsum,Spor,649.71,87
254,Sunt Vitae,Giyim,1047.57,34
255,Libero Necessitatibus,Elektronik,1813.98,87
256,Eveniet Porro,Spor,1189.35,26
257,Ex Ut,Spor,265.11,35
258,Veniam Occaecati,Giyim,1214.58,109
259,Voluptatum Corrupti,Spor,852.94,88
260,Tenetur Eveniet,Kozmetik,1384.17,185
261,Fuga Et,Giyim,217.71,107
262,Dignissimos Aliquam,Ev & Yaşam,1331.47,49
263,Tempora Optio,Kozmetik,365.75,38
264,Sapiente Aliquid,Ev & Yaşam,1316.95,90
265,Omnis Perferendis,Ev & Yaşam,21.28,83
266,Magni Quasi,Ev & Yaşam,566.29,53
267,Sequi Porro,Kozmetik,1421.17,160
268,Saepe Voluptas,Giyim,677.12,103
269,Nemo Maxime,Kozmetik,1662.91,99
270,Earum Quisquam,Spor,1573.56,22
271,Rem Fugiat,Spor,1171.56,118
272,Esse Necessitatibus,Kozmetik,1876.85,189
273,Quia Labore,Ev & Yaşam,757.52,40
274,Quia Hic,Elektronik,19.03,123
275,Autem Provident,Spor,333.45,80
276,Aspernatur Fuga,Giyim,713.39,135
277,Quis Aliquid,Kozmetik,1153.52,107
278,Inventore Sequi,Spor,1252.01,180
279,Voluptate Rem,Giyim,1943.38,111
280,Eligendi Distinctio,Kozmetik,1447.45,47
281,Quidem Voluptatibus,Elektronik,1377.64,15
282,Soluta Cumque,Elektronik,494.58,155
283,Inventore Qui,Ev & Yaşam,1849.39,125
284,Porro Hic,Spor,1823.27,174
285,Quibusdam Eligendi,Spor,1540.61,128
286,Molestias Et,Giyim,431.72,118
287,Sequi Unde,Elektronik,821.28,129
288,Tempore Suscipit,Elektronik,304.11,141
289,Dolore Provident,Giyim,1819.85,180
290,Iure Deleniti,Giyim,810.5,51
291,Similique Corrupti,Spor,533.39,149
292,Est Eligendi,Spor,1801.17,123
293,Quia Illo,Giyim,1334.06,22
294,Quisquam Pariatur,Giyim,474.74,70
295,Nesciunt Assumenda,Kozmetik,597.29,66
296,Sed Quae,Kozmetik,1585.96,56
297,Qui Ex,Kozmetik,1212.5,103
298,Voluptatibus Aut,Ev & Yaşam,214.15,87
299,Commodi Assumenda,Kozmetik,524.34,154
300,Velit Magni,Ev & Yaşam,462.71,32
301,Sint Non,Elektronik,371.54,103
302,Cumque Illum,Kozmetik,851.32,112
303,Eius Nemo,Ev & Yaşam,1319.67,133
304,Fugit Accusamus,Giyim,1797.87,171
305,Illum Laboriosam,Spor,1297.24,49
306,Quasi Ea,Giyim,1164.51,151
307,Nihil Omnis,Elektronik,1489.85,177
308,Architecto Molestiae,Kozmetik,1656.99,165
309,A Molestiae,Giyim,1100.48,182
310,Odio Commodi,Giyim,493.67,64
311,Ex Quas,Giyim,269.16,99
312,Ipsa Officia,Kozmetik,48.11,176
313,Laudantium Aliquid,Kozmetik,1315.74,174
314,Porro Fuga,Elektronik,1254.36,48
315,Accusantium Doloribus,Ev & Yaşam,1702.32,11
316,Nesciunt Omnis,Elektronik,1751.98,40
317,Ad Vero,Ev & Yaşam,147.15,173
318,Doloribus Alias,Spor,36.08,176
319,Rem Nihil,Kozmetik,1064.49,91
320,Assumenda Blanditiis,Giyim,328.66,159
321,Deleniti Error,Ev & Yaşam,691.18,69
322,Ipsum Iste,Spor,314.25,110
323,Iste Nesciunt,Elektronik,862.89,107
324,Voluptatibus Sunt,Giyim,629.2,100
325,Tempore Et,Ev & Yaşam,832.52,15
326,Fuga Autem,Kozmetik,773.54,112
327,Tempore A,Elektronik,1541.56,109
328,Vero Vero,Spor,494.82,160
329,Voluptate Harum,Spor,1943.71,60
330,At Quasi,Elektronik,30.56,90
331,Illum Accusantium,Elektronik,534.25,23
332,Amet Alias,Giyim,1536.82,70
333,Consectetur Repudiandae,Spor,1680.78,130
334,Tempora Adipisci,Kozmetik,242.63,69
335,Commodi Unde,Ev & Yaşam,1578.42,86
336,Odio Fuga,Ev & Yaşam,897.5,14
337,Minus Assumenda,Spor,77.95,22
338,Dolor Dolor,Spor,1485.64,195
339,Voluptas Aliquam,Spor,694.8,59
340,Sequi Commodi,Kozmetik,1636.44,28
341,Placeat Eius,Elektronik,23.07,134
342,Facere Id,Spor,515.11,194
343,Id Ab,Kozmetik,1285.34,60
344,Repellendus Temporibus,Spor,1141.95,49
345,Magni Iste,Kozmetik,595.74,146
346,Tenetur Fugit,Spor,635.1,63
347,Officia Quos,Giyim,1796.46,190
348,Repudiandae Occaecati,Spor,1288.54,181
349,Explicabo Nesciunt,Ev & Yaşam,1422.32,77
350,Repudiandae Pariatur,Spor,921.58,37
351,Atque Voluptates,Kozmetik,1337.06,158
352,Quasi Harum,Spor,801.55,100
353,Neque Ut,Elektronik,1634.03,23
354,Magni Provident,Spor,1631.47,93
355,Beatae Itaque,Spor,528.11,80
356,Sit Iure,Elektronik,849.21,133
357,Blanditiis Possimus,Spor,688.84,35
358,Aperiam Distinctio,Kozmetik,1079.73,137
359,Pariatur Aut,Ev & Yaşam,1581.15,177
360,Voluptatum Ipsam,Ev & Yaşam,149.97,61
361,Repellat Deserunt,Giyim,438.43,133
362,Eos Assumenda,Kozmetik,435.68,43
363,Eos Quos,Elektronik,188.2,160
364,Eos Saepe,Ev & Yaşam,1814.48,23
365,Tenetur Non,Ev & Yaşam,469.54,200
366,Nisi Magnam,Ev & Yaşam,785.96,182
367,Explicabo Adipisci,Ev & Yaşam,1056.8,166
368,Accusamus Cum,Kozmetik,1402.29,152
369,Explicabo Magnam,Elektronik,401.29,113
370,Dolor Voluptatibus,Kozmetik,1873.38,136
371,Ducimus Corporis,Giyim,729.19,174
372,Voluptatibus Rem,Kozmetik,658.74,141
373,Et Explicabo,Spor,1304.38,166
374,Non Soluta,Giyim,1204.04,189
375,Itaque Aliquam,Ev & Yaşam,960.14,56
376,Reiciendis Fugit,Spor,1514.88,39
377,Nulla Aut,Giyim,247.81,153
378,Iste Quasi,Spor,997.09,195
379,Beatae Atque,Spor,876.75,66
380,Dolores Fugit,Ev & Yaşam,622.84,179
381,Vero Dicta,Ev & Yaşam,206.43,53
382,Praesentium Facere,Kozmetik,1280.32,112
383,Aliquam Quia,Elektronik,1068.29,114
384,Explicabo Itaque,Elektronik,132.18,163
385,Reprehenderit Reprehenderit,Spor,440.27,61
386,Voluptate Minima,Ev & Yaşam,806.04,67
387,Necessitatibus Iure,Giyim,710.2,172
388,Harum Nobis,Elektronik,1467.5,31
389,Officiis Ea,Kozmetik,1343.88,200
390,Culpa Repudiandae,Kozmetik,1726.13,103
391,Voluptatem Quaerat,Ev & Yaşam,95.74,169
392,Repudiandae Fuga,Giyim,1891.67,139
393,Hic Quos,Giyim,1592.12,140
394,Nihil Odio,Elektronik,1687.17,73
395,Doloremque In,Spor,586.91,129
396,Repellendus Vero,Elektronik,1197.43,196
397,Ex Blanditiis,Ev & Yaşam,1613.52,89
398,Illo Sapiente,Kozmetik,905.46,40
399,Assumenda Magni,Spor,1521.15,148
400,Iusto Id,Elektronik,1523.06,186
401,Nulla Debitis,Giyim,1334.41,179
402,Impedit Consectetur,Kozmetik,1875.13,13
403,Impedit Impedit,Elektronik,152.51,84
404,Placeat Ex,Kozmetik,1272.35,190
405,Repellendus Omnis,Elektronik,1198.22,52
406,Minima Officia,Kozmetik,1095.43,115
407,Sapiente Ab,Ev & Yaşam,1163.63,199
408,Nostrum Possimus,Ev & Yaşam,584.71,142
409,Beatae Fugiat,Giyim,1899.72,193
410,Ipsum Incidunt,Giyim,1207.57,14
411,Est Molestias,Kozmetik,356.85,13
412,A Inventore,Kozmetik,951.17,120
413,Laudantium Temporibus,Elektronik,1869.71,168
414,Sequi Saepe,Giyim,1459.56,55
415,Dolores Commodi,Kozmetik,1360.52,19
416,Aut Magni,Kozmetik,469.31,180
417,Provident Eius,Kozmetik,566.69,200
418,Eius A,Elektronik,1614.17,181
419,Nesciunt Incidunt,Ev & Yaşam,787.42,145
420,Omnis Nulla,Giyim,1844.63,35
421,Non Impedit,Ev & Yaşam,1138.33,186
422,Hic Ducimus,Giyim,871.07,88
423,Libero Necessitatibus,Elektronik,860.4,194
424,Rem Quisquam,Spor,1296.25,114
425,Voluptatum Quo,Spor,1371.52,117
426,Officia Asperiores,Ev & Yaşam,1781.99,148
427,Nostrum Blanditiis,Ev & Yaşam,1652.7,38
428,Accusantium Reiciendis,Elektronik,1249.33,150
429,Tempore Sapiente,Giyim,415.0,155
430,Dolor Repudiandae,Kozmetik,1411.85,59
431,Ea Quidem,Kozmetik,566.15,95
432,Dolorem Cumque,Elektronik,327.79,89
433,Nulla Animi,Giyim,204.68,61
434,Aspernatur Cum,Giyim,1601.94,177
435,Illum Voluptatem,Kozmetik,1113.56,95
436,Dolorem Laudantium,Spor,523.5,189
437,Itaque Facilis,Spor,1858.22,82
438,Est Dolore,Ev & Yaşam,786.33,52
439,Deleniti Sapiente,Giyim,297.5,155
440,Sequi Repellendus,Ev & Yaşam,383.54,148
441,Vero Quasi,Kozmetik,283.22,133
442,Magni Doloremque,Giyim,535.48,132
443,Inventore Atque,Elektronik,1852.29,39
444,Qui Aspernatur,Spor,1887.5,98
445,Accusamus Dolorem,Spor,801.46,178
446,Recusandae Porro,Giyim,1962.56,128
447,Et Doloribus,Spor,828.7,103
448,Reiciendis Voluptates,Spor,1153.28,153
449,Quo Aperiam,Kozmetik,1664.49,142
450,Officia Ipsam,Spor,502.8,74
451,At Amet,Giyim,927.84,131
452,Sit Voluptas,Giyim,169.28,39
453,Deleniti Aut,Spor,1106.96,46
454,Quo Ratione,Spor,1778.42,146
455,Soluta Voluptatem,Elektronik,424.1,37
456,Et Voluptatibus,Kozmetik,1353.34,116
457,Enim Distinctio,Elektronik,747.38,188
458,Blanditiis Quisquam,Elektronik,1097.41,158
459,Nisi Voluptatum,Elektronik,1590.91,116
460,Sint Fuga,Ev & Yaşam,875.07,160
461,Nisi Dicta,Kozmetik,1415.06,192
462,Libero Dignissimos,Elektronik,1049.99,183
463,Dicta Cum,Ev & Yaşam,167.36,122
464,Praesentium Ut,Elektronik,1720.25,181
465,Unde Libero,Spor,569.64,60
466,Eum Animi,Giyim,269.57,154
467,Dolor Omnis,Elektronik,1160.95,126
468,Sequi Atque,Giyim,1424.78,39
469,Dolore Modi,Giyim,287.49,180
470,Fugiat Sequi,Spor,1832.19,105
471,Qui Quis,Elektronik,918.88,113
472,Soluta Voluptate,Spor,1573.0,107
473,Sunt Non,Spor,1605.25,67
474,Quam Molestias,Spor,1214.8,35
475,At Aliquam,Kozmetik,1359.62,24
476,Voluptate Quos,Ev & Yaşam,455.04,50
477,Dolores A,Elektronik,818.86,53
478,Possimus Nihil,Spor,725.43,94
479,Recusandae Vitae,Giyim,352.79,18
480,Assumenda Quae,Elektronik,965.22,196
481,Itaque Aspernatur,Ev & Yaşam,1441.86,181
482,Non Doloremque,Kozmetik,534.67,183
483,Aut Ea,Spor,1633.17,94
484,Est Perspiciatis,Ev & Yaşam,74.66,62
485,Distinctio Eaque,Spor,674.44,54
486,Consectetur Occaecati,Spor,891.61,110
487,Ut Optio,Spor,1374.96,74
488,Quas Veniam,Ev & Yaşam,944.92,76
489,Quos Minima,Elektronik,573.15,165
490,Saepe Iusto,Kozmetik,875.59,88
491,Earum Autem,Elektronik,1750.68,33
492,Suscipit Assumenda,Giyim,1986.44,58
493,Ad Voluptate,Elektronik,1832.2,27
494,Facilis Explicabo,Giyim,637.55,174
495,Inventore Reprehenderit,Elektronik,626.12,93
496,Laudantium Repellat,Giyim,1551.03,55
497,Reprehenderit Facilis,Giyim,1789.59,108
498,Nihil Quas,Kozmetik,1991.91,190
499,Aliquam Nihil,Elektronik,229.04,158
500,Unde Sit,Giyim,1066.4,93
501,Laborum Repellat,Ev & Yaşam,1152.59,17
502,Magnam Ducimus,Spor,433.0,145
503,Dicta Id,Kozmetik,1567.03,174
504,Nobis Consectetur,Spor,498.56,109
505,Rerum Quidem,Giyim,1272.03,198
506,Laboriosam Minima,Spor,1494.83,82
507,Facere Tempore,Spor,140.89,134
508,Cumque Error,Ev & Yaşam,64.65,19
509,Cumque Minus,Spor,1517.83,169
510,Numquam Accusamus,Elektronik,1812.92,121
511,Ea Esse,Kozmetik,860.6,40
512,Id Vero,Ev & Yaşam,1367.05,103
513,Ad Possimus,Spor,844.98,99
514,Soluta Commodi,Kozmetik,945.59,37
515,Earum At,Spor,1770.58,139
516,Cupiditate Reiciendis,Kozmetik,711.76,85
517,Nemo Veniam,Spor,119.88,102
518,Tenetur Iusto,Kozmetik,1868.97,122
519,Reiciendis Minima,Giyim,272.27,116
520,Adipisci Enim,Ev & Yaşam,1222.14,20
521,Deserunt Id,Spor,620.08,17
522,Similique Illum,Elektronik,1068.57,170
523,Eveniet Et,Giyim,1942.59,185
524,Nisi Maxime,Spor,1970.82,112
525,Illum Error,Spor,892.39,177
526,Deleniti Amet,Elektronik,950.75,67
527,Dolor Adipisci,Spor,1268.57,179
528,Nulla Aliquam,Spor,665.78,19
529,In Vitae,Kozmetik,739.15,123
530,Quia Quo,Elektronik,409.99,129
531,Sint Sed,Giyim,1976.27,53
532,Architecto Sequi,Ev & Yaşam,1194.02,64
533,Dolore Error,Spor,1429.21,111
534,Molestiae Voluptates,Ev & Yaşam,1872.29,107
535,Ut Molestias,Giyim,1340.45,16
536,Minima Quos,Giyim,1228.95,185
537,Tempora Ea,Elektronik,841.25,23
538,Illum Veniam,Kozmetik,1084.47,137
539,Corrupti Deleniti,Spor,237.39,188
540,Perspiciatis Fugit,Spor,1929.51,133
541,Dicta Vitae,Ev & Yaşam,1805.92,149
542,Id Mollitia,Giyim,1365.42,173
543,At Nemo,Spor,1803.79,140
544,Autem Est,Ev & Yaşam,741.56,112
545,Quis Harum,Elektronik,743.96,200
546,Neque Nemo,Ev & Yaşam,1734.75,63
547,Ipsam Reiciendis,Ev & Yaşam,338.8,69
548,Voluptates In,Giyim,1350.9,60
549,Quae Labore,Spor,1669.32,16
550,Architecto Dolores,Spor,1029.1,193
551,Ratione Ea,Spor,1627.97,65
552,Numquam Accusamus,Elektronik,1533.52,199
553,Dolore Eum,Spor,889.11,86
554,Minus Iusto,Spor,1373.27,163
555,Libero Earum,Spor,1935.8,15
556,Cupiditate Officiis,Spor,1246.27,169
557,Voluptates Animi,Kozmetik,1568.23,107
558,Pariatur Doloribus,Spor,1310.27,186
559,Aspernatur Libero,Giyim,558.86,63
560,Sapiente Repellendus,Giyim,1282.34,170
561,Vitae Sit,Spor,962.19,53
562,Est Aperiam,Kozmetik,1779.26,34
563,Commodi Sed,Ev & Yaşam,1390.23,25
564,Hic Quia,Elektronik,328.93,118
565,Neque Iusto,Giyim,1595.07,26
566,Quaerat Repellat,Kozmetik,756.93,44
567,Velit Natus,Kozmetik,683.79,28
568,A Cum,Giyim,839.59,138
569,Consectetur Animi,Spor,804.69,162
570,Sunt Quam,Giyim,1629.28,196
571,Iste Nulla,Elektronik,526.14,31
572,Repellat Magnam,Elektronik,71.07,118
573,Maxime Cupiditate,Kozmetik,1610.57,108
574,Consectetur Repudiandae,Elektronik,349.51,60
575,Pariatur Provident,Giyim,1966.13,96
576,Sed Voluptate,Kozmetik,964.86,73
577,Error Earum,Elektronik,818.18,69
578,Voluptatem Eum,Ev & Yaşam,1191.1,91
579,Aliquid Vero,Spor,1480.9,171
580,Magnam Placeat,Elektronik,498.51,61
581,Dolorum Repudiandae,Spor,1880.1,187
582,Beatae Architecto,Elektronik,572.04,52
583,Harum Ullam,Elektronik,1076.49,69
584,Tempora Eligendi,Elektronik,1244.25,88
585,Quia Incidunt,Spor,472.07,70
586,Ipsum Incidunt,Spor,1006.78,134
587,Dicta Corrupti,Spor,1310.7,121
588,Molestias Vitae,Elektronik,1086.29,183
589,Ab Optio,Kozmetik,1663.32,185
590,Voluptates Totam,Ev & Yaşam,61.59,120
591,Iusto Voluptate,Elektronik,1604.72,29
592,Quibusdam Unde,Giyim,1997.37,65
593,Molestias Placeat,Kozmetik,476.53,161
594,Libero Vel,Giyim,800.41,11
595,Dicta Tempore,Ev & Yaşam,674.8,83
596,Architecto Impedit,Giyim,1900.89,12
597,Quas Optio,Elektronik,77.35,64
598,Eveniet Suscipit,Kozmetik,1781.65,176
599,Modi Quibusdam,Giyim,292.76,191
600,Ex Odit,Elektronik,1744.51,117
601,Illum Quisquam,Spor,687.95,185
602,Fugit Omnis,Spor,879.62,159
603,Consequatur Autem,Spor,1003.14,101
604,Minus Odio,Spor,589.96,156
605,Molestiae Amet,Spor,1969.27,104
606,Tenetur Sint,Elektronik,973.36,174
607,Error Quia,Spor,1126.57,161
608,Harum Deserunt,Kozmetik,780.39,36
609,Non Minima,Ev & Yaşam,1914.2,100
610,Aliquam Quos,Giyim,630.85,189
611,Esse Accusantium,Elektronik,1053.72,115
612,Ipsa Tempore,Spor,906.43,171
613,Libero Non,Giyim,1819.7,188
614,Error Molestiae,Spor,216.66,121
615,Neque Quaerat,Ev & Yaşam,928.38,166
616,Placeat Praesentium,Ev & Yaşam,1961.6,42
617,Ab Amet,Spor,35.5,139
618,Mollitia Reiciendis,Giyim,560.78,113
619,Dolores Exercitationem,Elektronik,1138.81,113
620,Sint Illum,Elektronik,186.96,114
621,Minima Aperiam,Spor,468.54,114
622,Autem Cumque,Giyim,564.73,140
623,Et Illum,Elektronik,146.34,165
624,Eos Nulla,Ev & Yaşam,793.71,67
625,Aut Esse,Giyim,1102.71,49
626,Voluptates Ad,Kozmetik,30.78,69
627,Consectetur Pariatur,Giyim,1552.56,46
628,Laborum Quam,Kozmetik,1985.65,37
629,Eos Fuga,Kozmetik,1684.13,26
630,Est Odio,Elektronik,1891.33,37
631,Ducimus Architecto,Kozmetik,563.72,73
632,Rerum Doloribus,Spor,459.36,48
633,Vel Tempore,Elektronik,1176.85,81
634,Occaecati Est,Kozmetik,578.53,36
635,Reprehenderit Quia,Ev & Yaşam,845.25,73
636,Iusto Adipisci,Ev & Yaşam,1646.01,188
637,Blanditiis Illum,Kozmetik,1471.4,185
638,Doloremque Omnis,Ev & Yaşam,1593.97,67
639,Hic Laudantium,Elektronik,1259.15,31
640,Rerum Vitae,Giyim,674.06,117
641,Modi Eveniet,Spor,1881.65,89
642,Odit Quisquam,Spor,332.21,196
643,Repellendus Itaque,Ev & Yaşam,1554.32,95
644,Itaque Maxime,Ev & Yaşam,738.73,158
645,Nam Sit,Spor,128.37,72
646,Molestias Cupiditate,Giyim,559.47,173
647,Laudantium Numquam,Kozmetik,1871.7,123
648,Est Nulla,Elektronik,1338.17,170
649,Necessitatibus Voluptatem,Giyim,416.28,45
650,Odit Nam,Spor,1838.35,134
651,Nobis Optio,Elektronik,1347.52,191
652,Cumque Dolorem,Elektronik,1982.36,173
653,Commodi Laborum,Ev & Yaşam,449.08,77
654,Quod Consectetur,Kozmetik,819.22,79
655,Magnam Odio,Giyim,1419.87,198
656,Cupiditate Vero,Ev & Yaşam,819.35,143
657,Hic Eum,Kozmetik,554.99,55
658,Veniam Voluptatibus,Elektronik,813.46,132
659,Similique Nisi,Kozmetik,1666.01,121
660,Nobis Accusamus,Elektronik,539.2,76
661,Nihil Et,Ev & Yaşam,1862.45,51
662,Dolor Porro,Giyim,1809.59,90
663,Cupiditate Inventore,Giyim,156.27,33
664,Unde Eaque,Spor,655.02,197
665,Sequi Commodi,Giyim,1477.75,130
666,Illo Iure,Kozmetik,1293.08,169
667,Hic Magnam,Ev & Yaşam,1002.01,181
668,Doloremque Beatae,Elektronik,1649.45,126
669,Quidem Quis,Elektronik,154.01,110
670,Ipsum Ut,Giyim,765.13,61
671,Inventore Velit,Elektronik,1317.24,146
672,Alias Labore,Kozmetik,677.48,115
673,Iure Magni,Elektronik,783.83,161
674,Fugiat Sunt,Kozmetik,1082.3,14
675,Voluptate Aperiam,Ev & Yaşam,488.62,39
676,Voluptatum Eum,Elektronik,1084.72,61
677,Quae Eum,Elektronik,19.47,158
678,Cum Totam,Ev & Yaşam,528.54,182
679,Harum Modi,Giyim,709.55,123
680,Quisquam Delectus,Giyim,426.65,95
681,Quis At,Giyim,1095.45,37
682,Officia Sit,Spor,1400.29,200
683,Provident Consequuntur,Spor,1337.19,153
684,Quidem Voluptate,Giyim,567.02,181
685,Fuga At,Spor,575.55,10
686,Aspernatur Quae,Giyim,1360.1,165
687,Asperiores Officia,Kozmetik,1307.68,126
688,Similique Pariatur,Giyim,438.56,152
689,Quas Adipisci,Elektronik,244.37,86
690,Unde Maiores,Giyim,1095.24,53
691,Deserunt Incidunt,Kozmetik,1917.88,12
692,Delectus Quisquam,Elektronik,659.17,128
693,Ullam Fuga,Elektronik,1805.74,29
694,Ad A,Spor,1565.53,169
695,Inventore Quasi,Giyim,984.0,52
696,Perspiciatis Rerum,Spor,226.29,58
697,Placeat Fugit,Spor,1856.84,44
698,Vitae Tempora,Elektronik,1829.74,84
699,Autem Dicta,Spor,273.18,10
700,Sit Beatae,Kozmetik,1838.31,42
701,Veniam Incidunt,Elektronik,1000.39,117
702,Veniam Corrupti,Giyim,224.61,134
703,Dolor Perferendis,Spor,486.04,153
704,Repellat Numquam,Kozmetik,831.5,151
705,Alias Dolorum,Giyim,1196.42,93
706,Praesentium Neque,Giyim,342.49,19
707,Nostrum Quaerat,Elektronik,276.72,133
708,Ab Odio,Kozmetik,222.63,79
709,Optio Illo,Ev & Yaşam,1482.12,172
710,Repellendus Neque,Spor,140.03,162
711,Harum Maiores,Ev & Yaşam,1750.67,46
712,Blanditiis Cupiditate,Spor,725.07,183
713,Delectus Ut,Giyim,1180.61,11
714,Eveniet Veritatis,Ev & Yaşam,201.04,176
715,Suscipit Molestias,Elektronik,871.04,45
716,Sed Quibusdam,Spor,403.79,105
717,Occaecati Sit,Kozmetik,204.95,131
718,Est Consequuntur,Kozmetik,756.73,148
719,Placeat Perspiciatis,Elektronik,904.5,114
720,Voluptates Nisi,Elektronik,1798.25,42
721,Molestiae Temporibus,Ev & Yaşam,187.99,155
722,Eligendi Placeat,Spor,145.34,166
723,Et Aliquam,Ev & Yaşam,1449.65,127
724,Ea Incidunt,Spor,1185.19,182
725,Velit Ipsa,Kozmetik,1291.69,188
726,Cum Ipsum,Ev & Yaşam,40.11,24
727,Nam Odio,Elektronik,1492.61,186
728,Occaecati Perferendis,Kozmetik,1596.23,128
729,Sunt Facilis,Elektronik,909.89,188
730,Fugit Culpa,Spor,1078.45,183
731,Inventore Assumenda,Kozmetik,1035.15,28
732,Vero Molestias,Giyim,1035.68,187
733,Quibusdam Facere,Kozmetik,1943.74,119
734,Ut Asperiores,Kozmetik,1603.71,156
735,Qui Architecto,Giyim,761.57,160
736,Error Delectus,Kozmetik,409.44,32
737,Impedit In,Elektronik,10.81,29
738,Incidunt Nemo,Kozmetik,1289.01,174
739,Voluptatem Occaecati,Spor,1971.02,22
740,Numquam Non,Elektronik,358.21,33
741,Accusamus Enim,Elektronik,542.61,183
742,Non Cum,Spor,398.13,147
743,Ratione Excepturi,Giyim,1029.98,197
744,Itaque Odio,Spor,1439.86,156
745,Eveniet Quos,Spor,813.1,65
746,Aliquam Similique,Elektronik,1897.81,166
747,Voluptatibus Optio,Spor,876.45,129
748,Alias Eos,Ev & Yaşam,468.15,91
749,Rem Consequatur,Ev & Yaşam,225.84,21
750,Expedita Delectus,Elektronik,1532.09,19
751,Architecto Aperiam,Ev & Yaşam,1541.43,76
752,Non Cupiditate,Elektronik,813.11,83
753,Vitae Odio,Giyim,1356.6,32
754,Maiores Praesentium,Spor,125.06,12
755,Neque Quia,Giyim,388.69,175
756,Quaerat Cumque,Ev & Yaşam,1960.96,145
757,Odio Quis,Spor,1987.85,160
758,Esse Corrupti,Giyim,350.82,91
759,Voluptas Perferendis,Kozmetik,1805.33,159
760,Sint Velit,Spor,1568.13,23
761,Recusandae Libero,Elektronik,716.07,189
762,Ea Odio,Ev & Yaşam,781.14,199
763,Numquam Nobis,Ev & Yaşam,615.63,193
764,Nihil Aliquam,Spor,959.87,58
765,Placeat Nostrum,Spor,1040.04,156
766,Eaque Atque,Elektronik,1766.54,178
767,Dolorem Debitis,Giyim,1425.7,167
768,Velit Doloribus,Elektronik,225.01,154
769,Molestiae Architecto,Giyim,1860.61,21
770,A Voluptatum,Kozmetik,545.35,170
771,Vel Quo,Giyim,1550.72,53
772,Aut Occaecati,Ev & Yaşam,795.49,172
773,A Aliquam,Kozmetik,237.57,112
774,Quos Vero,Ev & Yaşam,842.32,25
775,Eligendi Fugit,Elektronik,1577.0,86
776,Molestias Dignissimos,Giyim,1643.76,46
777,Neque Ducimus,Kozmetik,566.0,127
778,Eveniet Nam,Spor,115.63,89
779,Culpa Quas,Kozmetik,1267.89,71
780,Ad Aspernatur,Giyim,1512.87,164
781,Cum Sed,Elektronik,760.26,80
782,Molestias Vel,Giyim,1909.81,111
783,Nobis Commodi,Elektronik,1011.88,170
784,Doloremque Delectus,Giyim,1792.05,59
785,Repellat Fugiat,Spor,849.61,129
786,Tempore Ipsa,Kozmetik,1685.08,119
787,Facere Temporibus,Ev & Yaşam,758.17,148
788,A Id,Ev & Yaşam,1370.67,12
789,Nam Tenetur,Giyim,1871.36,66
790,Ullam Minima,Ev & Yaşam,1853.36,179
791,Ab Suscipit,Ev & Yaşam,235.82,188
792,Cupiditate Modi,Ev & Yaşam,548.76,137
793,Rem Minima,Elektronik,522.36,32
794,Optio Natus,Giyim,1013.35,174
795,Quas Quos,Ev & Yaşam,1961.04,73
796,Occaecati Maxime,Spor,951.54,81
797,Voluptate Eligendi,Elektronik,405.84,16
798,Fugit Natus,Giyim,1007.89,84
799,Nam Quaerat,Ev & Yaşam,1514.64,196
800,Fuga Maiores,Giyim,176.61,196
801,Porro Voluptates,Elektronik,1533.63,78
802,Dicta Ut,Ev & Yaşam,390.4,115
803,Beatae A,Giyim,367.45,153
804,Ea Soluta,Elektronik,573.7,178
805,Temporibus Modi,Giyim,1407.03,98
806,Dolorem Rem,Giyim,1517.5,96
807,Voluptas Eos,Elektronik,495.62,99
808,Voluptas Explicabo,Ev & Yaşam,1590.27,130
809,Labore Qui,Ev & Yaşam,1088.65,18
810,Laboriosam Nisi,Kozmetik,1681.89,84
811,Deserunt Quo,Ev & Yaşam,546.77,17
812,Doloribus Inventore,Ev & Yaşam,909.52,105
813,Aut Dolorum,Kozmetik,1648.97,73
814,Explicabo Necessitatibus,Ev & Yaşam,245.99,112
815,Accusantium Autem,Spor,118.41,155
816,Quis Laborum,Spor,89.7,143
817,Quisquam Ullam,Spor,1461.44,48
818,Cumque Fugit,Elektronik,70.5,99
819,Quos Omnis,Ev & Yaşam,873.07,26
820,Dignissimos Qui,Ev & Yaşam,639.71,102
821,Natus Doloribus,Elektronik,1081.1,192
822,Eaque Reprehenderit,Spor,1927.19,32
823,Mollitia Temporibus,Kozmetik,642.11,100
824,Veritatis Optio,Elektronik,430.72,11
825,Explicabo Aspernatur,Giyim,751.31,64
826,Atque Consectetur,Elektronik,1502.86,135
827,Iste Voluptatem,Spor,94.15,49
828,Laboriosam Voluptatem,Spor,589.15,128
829,Dolor Dicta,Kozmetik,1057.66,83
830,Aperiam Fugiat,Spor,933.86,126
831,Illo Libero,Kozmetik,594.44,40
832,Iure Voluptas,Spor,727.26,151
833,Officiis Doloremque,Ev & Yaşam,1023.96,96
834,Error Ipsum,Spor,1417.51,118
835,Iste Nemo,Elektronik,1668.41,138
836,Aperiam Ipsum,Kozmetik,1614.64,115
837,Nemo Laboriosam,Giyim,889.8,31
838,Quo Explicabo,Kozmetik,1033.66,154
839,Quaerat Quasi,Kozmetik,944.93,98
840,Repudiandae Incidunt,Kozmetik,1309.9,105
841,Deleniti Dignissimos,Spor,782.62,156
842,Ipsum Est,Elektronik,35.32,163
843,Modi Ipsam,Giyim,1114.29,16
844,Labore Hic,Giyim,1875.02,113
845,Enim Accusantium,Giyim,125.47,87
846,Tenetur Vel,Elektronik,1339.25,111
847,Minus Velit,Ev & Yaşam,1902.53,197
848,Cupiditate Laboriosam,Kozmetik,851.12,192
849,Blanditiis Debitis,Giyim,1397.46,93
850,Dolor Architecto,Giyim,794.93,94
851,Aspernatur Nam,Kozmetik,757.72,192
852,Impedit Est,Kozmetik,1769.13,35
853,Corporis Quis,Kozmetik,1707.17,161
854,Numquam Culpa,Ev & Yaşam,1780.62,189
855,Ab Ipsum,Elektronik,1300.57,117
856,Ratione Aut,Spor,1472.78,51
857,Possimus Laboriosam,Kozmetik,887.06,46
858,Vero Maiores,Elektronik,1186.82,73
859,Provident Deleniti,Spor,1561.89,122
860,Nostrum Reiciendis,Kozmetik,1937.74,167
861,Et Excepturi,Ev & Yaşam,1410.43,70
862,Officiis Quasi,Spor,708.41,106
863,Molestiae Ut,Elektronik,889.36,163
864,Placeat Occaecati,Kozmetik,614.09,125
865,Aperiam Accusantium,Ev & Yaşam,1165.0,181
866,Consequuntur Ab,Ev & Yaşam,1764.16,197
867,Veniam Laboriosam,Elektronik,319.17,139
868,Reprehenderit Dolor,Ev & Yaşam,550.98,137
869,Pariatur Laudantium,Spor,932.89,105
870,Doloribus Inventore,Kozmetik,1174.72,77
871,Quam Ut,Kozmetik,902.81,126
872,Odit Dicta,Kozmetik,1071.83,12
873,Quis Maiores,Giyim,1728.4,13
874,Corrupti Qui,Giyim,1793.51,81
875,In Ducimus,Ev & Yaşam,456.42,60
876,Exercitationem Nihil,Giyim,1035.62,93
877,Dolor Iusto,Kozmetik,724.97,177
878,Suscipit Iusto,Giyim,539.95,190
879,Delectus Ratione,Spor,350.16,103
880,Iusto Doloribus,Giyim,678.2,30
881,Voluptas Quod,Ev & Yaşam,1988.74,99
882,Error Expedita,Ev & Yaşam,1742.2,155
883,Delectus Tempora,Giyim,575.11,149
884,Deleniti Nisi,Ev & Yaşam,565.7,11
885,Omnis Repellat,Kozmetik,1399.34,33
886,Fuga Recusandae,Spor,1283.36,151
887,Eius Similique,Elektronik,855.98,188
888,Ab Et,Ev & Yaşam,865.04,166
889,Natus Nostrum,Giyim,154.63,138
890,Quo Fugit,Kozmetik,1020.48,53
891,Dolorem A,Ev & Yaşam,1703.63,189
892,Optio Quibusdam,Ev & Yaşam,785.03,95
893,Explicabo Distinctio,Giyim,1084.39,95
894,Aperiam Dolorem,Giyim,1027.13,119
895,Nobis Ipsam,Kozmetik,237.3,47
896,Illo Nulla,Spor,1259.94,154
897,Saepe Tempora,Spor,369.34,104
898,Totam Sunt,Giyim,1918.54,103
899,Nisi Qui,Spor,502.47,80
900,Vero Et,Spor,1317.95,14
901,Placeat Occaecati,Kozmetik,1300.47,27
902,Inventore Expedita,Elektronik,1455.31,194
903,Incidunt Praesentium,Ev & Yaşam,535.72,73
904,Hic Et,Elektronik,1365.55,46
905,Quaerat Nulla,Kozmetik,615.94,62
906,Consequatur A,Spor,153.31,171
907,Quisquam Explicabo,Ev & Yaşam,1305.36,144
908,Esse Corporis,Ev & Yaşam,304.76,63
909,Harum Commodi,Kozmetik,1416.23,116
910,Mollitia Vel,Kozmetik,732.17,75
911,Nihil Consequatur,Elektronik,1747.71,37
912,Ab Velit,Spor,1491.84,50
913,Facilis Eligendi,Spor,1108.35,14
914,At Dolorem,Kozmetik,732.11,95
915,Animi Odio,Kozmetik,1931.68,175
916,Est Tenetur,Kozmetik,1784.34,180
917,Voluptatum Provident,Giyim,941.95,175
918,Amet Pariatur,Giyim,1658.03,189
919,Recusandae Voluptatem,Spor,1403.55,186
920,Consequatur Minus,Elektronik,754.28,191
921,Eos Dolore,Ev & Yaşam,471.35,35
922,Sit Saepe,Ev & Yaşam,1967.49,50
923,Adipisci Sint,Spor,1336.7,149
924,Ipsa Deleniti,Kozmetik,1158.78,159
925,Illum Nostrum,Ev & Yaşam,827.7,151
926,Ipsa Doloribus,Kozmetik,1701.06,96
927,Magni Tempore,Ev & Yaşam,167.67,131
928,Officia Pariatur,Ev & Yaşam,359.04,148
929,Praesentium Eaque,Spor,656.04,173
930,Beatae Incidunt,Kozmetik,437.4,198
931,Libero Minus,Kozmetik,910.49,138
932,Odio Libero,Ev & Yaşam,1137.78,10
933,Itaque Sint,Elektronik,802.58,86
934,Possimus Architecto,Giyim,111.91,127
935,Et Totam,Ev & Yaşam,719.77,100
936,Incidunt Laboriosam,Ev & Yaşam,1906.16,103
937,Magnam Aliquam,Kozmetik,350.57,159
938,Aperiam Incidunt,Kozmetik,1794.56,34
939,Laboriosam Ab,Spor,1963.4,62
940,Sed Nostrum,Elektronik,1607.93,149
941,Delectus Ratione,Elektronik,368.92,82
942,Expedita Placeat,Elektronik,248.87,118
943,Repellendus Minus,Ev & Yaşam,1884.61,27
944,Officiis Id,Kozmetik,473.73,155
945,Minima Ducimus,Ev & Yaşam,357.93,193
946,Ad Adipisci,Giyim,977.73,195
947,Temporibus Incidunt,Elektronik,583.19,144
948,Porro Molestiae,Ev & Yaşam,1959.17,153
949,Nesciunt Minima,Kozmetik,1343.82,31
950,Enim Eaque,Kozmetik,552.55,162
951,Saepe Sed,Giyim,1682.33,27
952,Natus Excepturi,Spor,40.19,88
953,Pariatur Corrupti,Giyim,811.03,175
954,Alias Ut,Giyim,1530.86,153
955,Amet Ex,Spor,1063.66,191
956,Quod Doloremque,Giyim,319.22,11
957,Excepturi Quisquam,Kozmetik,1506.3,61
958,Quidem Ab,Giyim,1738.16,128
959,Tempora Delectus,Elektronik,1515.01,118
960,Quis Laborum,Kozmetik,1608.87,196
961,Blanditiis Harum,Kozmetik,1986.49,181
962,Voluptate Voluptatum,Kozmetik,42.68,137
963,Voluptas Mollitia,Kozmetik,967.84,119
964,Expedita Nulla,Spor,1808.25,87
965,Dolores Hic,Spor,1005.8,103
966,Necessitatibus Ducimus,Ev & Yaşam,164.99,151
967,Esse Saepe,Spor,1584.67,154
968,Vitae Praesentium,Kozmetik,680.3,43
969,Reiciendis Vitae,Ev & Yaşam,628.06,93
970,Recusandae Reprehenderit,Giyim,909.75,166
971,Officiis Temporibus,Kozmetik,1567.37,62
972,Dolores Blanditiis,Spor,441.34,22
973,Eum Ipsam,Giyim,1674.62,144
974,Temporibus Suscipit,Giyim,442.4,98
975,Pariatur Quas,Elektronik,1784.79,123
976,Ex Tempora,Giyim,556.14,140
977,Dolores Aspernatur,Kozmetik,1994.7,43
978,Natus Vel,Ev & Yaşam,1275.54,189
979,Voluptatum Ex,Giyim,559.74,157
980,Itaque Possimus,Elektronik,608.11,98
981,Nostrum Sunt,Giyim,1561.25,59
982,Sunt Eveniet,Giyim,358.54,73
983,Atque Repellendus,Elektronik,239.86,96
984,Quisquam Tenetur,Giyim,1638.24,60
985,Libero Ipsum,Kozmetik,847.36,119
986,Delectus Consectetur,Elektronik,505.38,33
987,Natus Molestiae,Ev & Yaşam,1712.19,54
988,Unde Alias,Ev & Yaşam,1746.52,19
989,Voluptas Dolorem,Ev & Yaşam,394.48,112
990,Atque Ex,Ev & Yaşam,430.92,60
991,Quos Quod,Ev & Yaşam,123.96,39
992,Ex Vel,Giyim,1519.48,100
993,Eaque Quae,Kozmetik,244.09,140
994,Cum Excepturi,Kozmetik,1508.62,96
995,Quisquam Mollitia,Ev & Yaşam,235.55,97
996,Mollitia Quas,Spor,1192.87,143
997,Vel Alias,Elektronik,1026.11,168
998,Repellat Dolor,Kozmetik,208.11,100
999,Porro Inventore,Kozmetik,1934.11,135
1000,Eum Quasi,Kozmetik,588.09,14
